image;layers
images/91181553-fa2e-468c-9b25-ddfcfa5e76de.jpg;[[[4, 1, 1], [0, 1, 1], [2, 0, 5]], [[5, 5, 4], [0, 5, 3], [2, 0, 0]]]
images/40074acb-cabe-49ac-9b9e-a010c189c3c9.jpg;[[[3, 1, 1], [3, 4, 1], [5, 1, 1]], [[0, 5, 4], [0, 0, 4], [0, 4, 5]]]
images/baa25339-ea6f-4e29-a6b7-0acb6c68ca28.jpg;[[[2, 0, 4], [1, 1, 1], [4, 1, 0]], [[2, 0, 2], [3, 5, 4], [0, 5, 0]]]
images/2be0849d-6347-4f5c-8129-bed8ef040310.jpg;[[[1, 1, 2], [5, 1, 1], [1, 1, 1]], [[3, 5, 0], [0, 4, 4], [4, 2, 3]]]
images/64d2a777-cc7d-4d78-b34c-877fadd36c94.jpg;[[[1, 4, 1], [3, 0, 4], [1, 5, 1]], [[4, 3, 5], [4, 0, 3], [4, 3, 5]]]
images/32b82e29-1d97-4c8a-97c7-aab35f85d07b.jpg;[[[0, 2, 1], [2, 0, 2], [1, 2, 1]], [[0, 0, 2], [3, 0, 4], [4, 5, 4]]]
images/6787b038-da4b-42fc-8240-68734e760e06.jpg;[[[0, 3, 0], [1, 1, 0], [0, 1, 0]], [[0, 0, 0], [2, 5, 0], [0, 5, 0]]]
images/4a7fc809-1de8-4de9-bc0b-90bb6300c752.jpg;[[[3, 0, 5], [5, 0, 5], [1, 4, 1]], [[0, 0, 2], [5, 0, 3], [4, 5, 3]]]
images/cd9f7e45-1e57-4cbc-bff6-2aee5bd95759.jpg;[[[1, 3, 1], [2, 0, 4], [0, 5, 1]], [[3, 2, 5], [4, 0, 5], [0, 3, 5]]]
images/d34bafd3-c1c8-4963-90dd-a76cf0100fa1.jpg;[[[1, 1, 1], [1, 1, 1], [0, 1, 0]], [[5, 5, 2], [2, 3, 3], [0, 3, 0]]]
images/fd1131f1-5df9-423f-82a6-98b2e1020dc3.jpg;[[[5, 1, 1], [5, 1, 1], [1, 5, 0]], [[0, 4, 3], [0, 2, 4], [5, 0, 0]]]
images/17e24687-e033-46d6-83ab-1c53cfec7adf.jpg;[[[1, 1, 1], [1, 1, 1], [4, 5, 4]], [[5, 2, 2], [3, 4, 5], [0, 0, 0]]]
images/bac84567-18a3-42bf-9299-caa192417aa5.jpg;[[[5, 3, 1], [0, 1, 1], [0, 0, 5]], [[3, 0, 4], [0, 4, 4], [0, 0, 5]]]
images/5e3ec0d2-29f5-4210-92a4-f9795b5fafe2.jpg;[[[1, 1, 1], [1, 1, 1], [2, 5, 2]], [[2, 3, 4], [2, 2, 3], [0, 0, 0]]]
images/dbf37098-ee2c-4d62-8dd5-c56e9bfaa78b.jpg;[[[0, 1, 1], [1, 1, 1], [0, 1, 0]], [[0, 4, 3], [2, 5, 4], [0, 2, 0]]]
images/38b8c4be-81d6-42d3-ac30-cd5196e3c55e.jpg;[[[4, 1, 4], [1, 2, 1], [1, 3, 0]], [[0, 2, 0], [5, 0, 5], [4, 0, 0]]]
images/a405b64e-466e-4592-83ec-2ebe5467e3bb.jpg;[[[4, 2, 1], [0, 1, 1], [4, 1, 1]], [[2, 0, 3], [0, 5, 5], [5, 3, 4]]]
images/e773db6d-42ce-4ca6-b2bc-d1f88cc34ec2.jpg;[[[1, 1, 1], [1, 1, 1], [0, 1, 1]], [[4, 5, 4], [5, 2, 4], [0, 5, 3]]]
images/fa54ffa0-4bfb-4ad2-a502-46db9e98bc8e.jpg;[[[1, 1, 1], [5, 1, 1], [1, 1, 1]], [[3, 4, 4], [0, 4, 3], [5, 4, 5]]]
images/be974195-8189-4f0c-946f-25247883e9d2.jpg;[[[2, 2, 5], [5, 0, 0], [2, 3, 0]], [[0, 0, 5], [3, 0, 0], [0, 4, 0]]]
